idx,lang,text_snippet,warnings
0,ko,광범위하게 퍼졌다가 천천히 좁혀져,
1,ko,오른쪽 앞에서 조금씩 선명해져,
2,ko,와이드하게 퍼졌다가 천천히 좁혀져,wide but spread<=median
3,ko,앞쪽에서 멀어지며 희미해져,
4,ko,그 자리에 자리 지켜며 은은하게 지속돼,el_start sign!=down
5,ko,오른쪽 뒤에서 휙 스쳐가,
6,ko,위에서 아래로 곧게 떨어져,
7,en,swirls all around overhead,
8,en,"broadens out first, then gathers back",
9,en,gets clearer close in front,
10,en,low rumble backward-left,
11,en,diffuses as if wrapping around,
12,ko,스테레오로 아주 넓게 퍼져,
13,ko,뒤로에서 천천히 다가와,
14,en,arcs from front-left to back-right,
15,en,from stage left moving to center gradually,
16,en,approaches gently from the left,
17,en,stereo image expands very wide,
18,en,moves in a zigzag left and right,
19,ko,둥글게 돌으로 머리 위를 한 바퀴 돌아,
20,ko,천장 쪽에서 크게 퍼져,
21,ko,넓게 퍼졌다가 천천히 수축되져,wide but spread<=median
22,ko,원형으로 머리 바로 위를 한 바퀴 돌아,el_start sign!=up
23,ko,뒤에서 앞을 휙 지나가,
24,ko,정면에서 멀어지며 어렴풋해져,
25,en,stereo image widens very wide,
26,en,rises gently from below,
27,en,approaches gradually from the left,
28,en,becomes clear close ahead,near but dist>=median
29,ko,원형으로 윗쪽를 한 바퀴 돌아,
30,en,passes swiftly from the back-right,
31,en,drops straight down from above,
32,ko,왼쪽 앞에서 오른편 뒤로 호를 그리며 지나가,
33,en,narrows down gradually into a single point,el_start sign!=down
34,ko,무대 왼쪽에서 중앙으로 서서히 이동해,
35,ko,천천히 집중되어 한 점으로,
36,en,becomes clear close ahead,
37,en,cuts across left to right,
38,ko,천천히 한 점으로 모이어 한 점으로,
39,ko,원형으로 머리 위를 한 바퀴 돌아,
40,en,leaks occluded from behind a door,
41,ko,바닥 근처에서 건조하게 지나가,
42,ko,앞쪽 가까이에서 또렷해져,
43,ko,오른쪽 앞에서 조금씩 선명해져,
44,en,diffuses as if all around,
45,ko,원형으로 윗쪽를 한 바퀴 돌아,
46,ko,위에서 아래로 곧게 낙하,
47,ko,아래에서 위로 회오리처럼으로 올라가,
48,ko,센터에서 모노로 선명하게,el_start sign!=down
49,en,"from behind, faint and distant",
50,ko,머리 위에서 부드럽게 맴돌아,
51,en,disperses as if surrounding,
52,ko,천천히 집중되어 한 점으로,
53,ko,천천히 모여들어 한 점으로,
54,en,spirals downward from above,
55,ko,하우스 왼편에서 둘러싸듯 넓어져,el_start sign!=down
56,ko,커튼 뒤에서 둔탁하게 퍼지듯,wide but spread<=median
57,en,sways side to side as it moves,
58,en,rises slowly from below,
59,en,broadens broadly from above,
60,ko,위에서 아래로 곧게 아래로 내려가,
61,ko,오른쪽 뒤에서 급히 스쳐가,
62,ko,문 건너편에서 답답하게 새어나와,el_start sign!=down
63,ko,무대 왼쪽에서 중앙으로 천천히 이동해,
64,ko,오른편 뒤에서 빠르게 스쳐가,
65,en,"widens out first, then gathers back",
66,en,glides dry near the floor,
67,ko,후방에서 멀리서 옅게 들려,
68,en,approaches gradually from the back,
69,ko,왼쪽 앞에서 오른편 뒤로 호를 그리며 지나가,
70,ko,뒤에서 앞을 순간적으로 지나가,
71,en,low rumble backward-left,
72,en,"widens out first, then gathers back",
73,ko,먼 곳에서 퍼졌다가 서서히 모여들어,
74,en,swirls all around overhead,
75,ko,먼 곳에서 퍼졌다가 조금씩 모여들어,
76,ko,오른쪽 뒤에서 빠르게 휙가,
77,en,damped behind a thick wall,
78,ko,좌측에서 서서히 가까워져,near but dist>=median
79,en,recedes slowly rightward,
80,en,circles widely and comes closer,
81,ko,커튼 뒤에서 둔탁하게 퍼져,el_start sign!=down
82,en,growing distinct at the front-right,
83,en,expands wide then narrows down,wide but spread<=median
84,en,moves in a zig-zag left and right,
85,ko,천천히 수렴하어 한 점으로,el_start sign!=down
86,en,circles widely and comes closer,
87,ko,정면에서 멀어지며 옅해져,
88,en,"widens out first, then gathers back",
89,en,damped behind a thick wall,
90,en,becomes clear close forward,
91,ko,사방에서 둘러싸듯 확장되,
92,ko,정면에서 멀어지며 옅해져,
93,en,"from the back, faint and distant",
94,ko,넓게 퍼졌다가 천천히 좁아지져,narrow but spread>=median
95,en,becomes clear close in front,
96,ko,지그재그로 좌우를 오가,
97,en,leaks damped from behind a door,
98,ko,무대 왼쪽에서 중앙으로 서서히 이동해,
99,en,recedes slowly to the right,
100,en,diffuses as if surrounding,
101,ko,오른쪽 앞에서 서서히 선명해져,
102,en,diffuses as if around,
103,en,spirals upward rising up,
104,en,helical downward from above,
105,ko,왼쪽에서 오른편으로 가로질러,
106,ko,왼쪽 앞에서 은은하게 번져,el_start sign!=down
107,en,passes dry near the floor,
108,ko,문 뒤에서 답답하게 새어나와,el_start sign!=down
109,ko,뒤에서 앞을 스치듯 지나가,
110,ko,두꺼운 벽 건너편에서 먹먹하게 들려,el_start sign!=down
111,ko,무대 좌측에서 중앙으로 천천히 이동해,
112,ko,바닥쪽 근처에서 건조하게 지나가,
113,ko,정면 가까이에서 뚜렷해져,
114,en,glassy and distant behind a window,
115,ko,그 자리에 가만히며 은은하게 지속돼,el_start sign!=down
116,ko,넓게 퍼졌다가 천천히 수축되져,wide but spread<=median
117,ko,먼 곳에서 퍼졌다가 차츰 모여들어,
118,en,leaks muffled from through a door,
119,ko,센터에서 모노로 확실하게,
120,en,from stage left moving to center gradually,
121,en,drifts farther ahead and weakens,
122,en,orbits all around overhead,
123,ko,넓게 퍼졌다가 천천히 모아지져,
124,en,focuses gradually into a single point,
125,ko,원을 그리으로 머리 위를 한 바퀴 돌아,
126,en,circles softly overhead,
127,en,corkscrews downward from above,
128,en,spirals downward from above,
129,ko,왼쪽 앞에서 은은하게 퍼지듯,el_start sign!=down
130,ko,왼편 앞에서 오른쪽 뒤로 호를 그리며 지나가,
131,ko,두꺼운 두꺼운 벽 뒤에서 먹먹하게 들려,
132,en,sharpens close in front,
133,en,converges gradually into a single point,
134,en,holds still in place softly,
135,ko,후방에서 천천히 다가와,
136,ko,왼편 뒤에서 낮게 울려,
137,ko,스윙하로 좌우를 오가,
138,en,approaches slowly off to the left,
139,en,spirals downward from above,
140,ko,오른쪽 앞에서 차츰 선명해져,
141,en,sweeps swiftly from the back-right,
142,en,converges gradually into a single point,
143,ko,그 자리에 가만히며 은은하게 지속돼,el_start sign!=down
144,en,diffuses as if surrounding,
145,ko,천장 쪽에서 광범위하게 퍼져,
146,en,from house left widening around,
147,ko,오른쪽 앞에서 점차 선명해져,
148,ko,위에서 아래로 회오리처럼으로 내려와,
149,en,"expands out first, then gathers back",
150,en,low rumble from the back-left,
151,ko,오른편에서 서서히 멀어져,far but dist<=median
152,en,expands wide then narrows down,el_start sign!=down; wide but spread<=median
153,ko,무대 왼편에서 중앙으로 천천히 이동해,
154,ko,두꺼운 벽 건너편에서 먹먹하게 들려,el_start sign!=down
155,en,circles softly up high,
156,ko,커튼 뒤에서 둔탁하게 번져,el_start sign!=down
157,en,from house left widening around,
158,ko,센터에서 모노로 확실하게,el_start sign!=down
159,ko,무대 왼쪽에서 중앙으로 서서히 이동해,
160,ko,두꺼운 벽 뒤에서 막힌하게 들려,
161,en,passes swiftly from the back-right,
162,ko,스테레오로 아주 와이드하게 퍼져,el_start sign!=down
163,en,drops straight down from above,
164,en,smears through a curtain,
165,ko,크게 퍼졌다가 천천히 좁혀져,
166,ko,주위를 감싸듯 와이드하게 퍼져,
167,ko,두꺼운 두꺼운 벽 뒤에서 먹먹하게 들려,el_start sign!=down
168,en,orbits all around overhead,
169,ko,위에서 아래로 곧게 내려와,
170,en,passes dry down low,
171,en,leaks damped from behind a door,
172,ko,아래에서 위로 회오리처럼으로 올라가,
173,en,spirals upward low and rising,
174,ko,앞으로 가까이에서 또렷해져,
175,en,glassy and distant through glass,
176,en,from stage left moving to center gradually,
177,en,approaches gently from the left,
178,ko,좌측에서 오른쪽으로 가로질러,
179,en,becomes clear close ahead,
180,ko,두꺼운 벽 뒤에서 막힌하게 들려,
181,ko,정면에서 멀어지며 어렴풋해져,far but dist<=median
182,en,circles softly overhead,
183,ko,사방에서 둘러싸듯 퍼지듯,
184,ko,사방에서 둘러싸듯 퍼져,
185,en,approaches slowly backward,
186,en,descends straight down from above,
187,ko,하우스 왼편에서 둘러싸듯 넓어져,el_start sign!=down
188,ko,발치 근처에서 건조하게 지나가,
189,en,from stage right spreading outward,
190,en,stereo image broadens very wide,
191,ko,오른쪽 뒤에서 빠르게 스쳐가,
192,ko,천천히 수렴하어 한 점으로,el_start sign!=down
193,ko,센터에서 모노로 선명하게,el_start sign!=down
194,ko,오른쪽 뒤에서 재빨리 스쳐가,
195,ko,무대 오른편에서 바깥으로 퍼져,
196,ko,커튼 뒤에서 둔탁하게 퍼지듯,
197,ko,앞으로 가까이에서 또렷해져,
198,ko,느리게 모여들어 한 점으로,
199,ko,스테레오로 아주 광범위하게 퍼져,
200,ko,위에서 아래로 나선형으로 내려와,
201,ko,위에서 아래로 회오리처럼으로 내려와,
202,en,approaches gradually from the back,
203,ko,왼쪽 앞에서 은은하게 번져,el_start sign!=down
204,en,hovers in place softly,el_start sign!=up
205,en,damped behind a thick wall,
206,en,sweeps forward from behind,
207,ko,뒤쪽에서 멀리서 옅게 들려,
208,ko,와이드하게 퍼졌다가 천천히 좁혀져,el_start sign!=down; wide but spread<=median
209,ko,사방에서 둘러싸듯 퍼지듯,
210,ko,왼편 뒤에서 낮게 울려,
211,ko,정면 가까이에서 선명해져,
212,en,remains in place softly,
213,en,circles softly above,
214,en,diffuses as if all around,
215,ko,사방에서 둘러싸듯 번져,
216,ko,위에서 아래로 곧게 아래로 내려가,
217,ko,먼 곳에서 퍼졌다가 점차 집중되어,
218,en,narrows down gradually into a single point,el_start sign!=down
219,en,diffuses as if encircling,
220,en,low rumble from the back-left,
221,en,slides dry near the floor,
222,en,rises slowly from below,
223,en,rises gently from below,
224,ko,사방에서 둘러싸듯 퍼지듯,
225,en,stereo image expands very wide,
226,en,from stage left moving to center gently,
227,en,passes dry at floor level,
228,ko,주위를 감싸듯 넓게 퍼져,el_start sign!=up; wide but spread<=median
229,en,corkscrews upward from below,
230,ko,정면에서 멀어지며 희미해져,
231,ko,문 건너편에서 답답하게 새어나와,el_start sign!=down
232,ko,크게 퍼졌다가 천천히 좁혀져,
233,ko,두꺼운 두꺼운 벽 뒤에서 먹먹하게 들려,el_start sign!=down
234,en,from stage left moving to center slowly,
235,en,stays in place softly,
236,en,approaches gently from the back,
237,en,approaches slowly from the left,
238,ko,뒤에서 앞을 스치듯 지나가,
239,en,glassy and distant past a window,
240,ko,위에서 아래로 곧게 내려와,
241,ko,두꺼운 벽 건너편에서 먹먹하게 들려,
242,ko,넓게 퍼졌다가 서서히 좁혀져,wide but spread<=median
243,en,"expands out first, then gathers back",
244,ko,넓게 퍼졌다가 천천히 좁아지져,narrow but spread>=median
245,en,focuses gradually into a single point,
246,ko,좌측에서 오른쪽으로 가로질러,
247,ko,오른쪽 뒤에서 빠르게 순간적으로가,
248,ko,사방에서 둘러싸듯 퍼져,
249,ko,센터에서 모노로 또렷하게,
250,en,approaches slowly off to the left,
251,ko,천정 쪽에서 넓게 퍼져,
252,ko,스윙하로 좌우를 오가,el_start sign!=down
253,ko,사방에서 둘러싸듯 확장되,
254,en,sweeps dry near the floor,
255,en,low rumble from behind-left,
256,ko,아래쪽 근처에서 건조하게 지나가,
257,ko,유리창 너머에서 차갑게 울려,
258,ko,무대 왼쪽에서 중앙으로 천천히 이동해,
259,en,approaches gently from the back,
260,ko,아래쪽에서 위로 서서히 올라와,
261,ko,뒤쪽에서 서서히 다가와,
262,en,passes swiftly from behind-right,
263,en,cuts across left to right,
264,en,slides dry near the floor,
265,ko,넓게 퍼졌다가 천천히 좁혀져,wide but spread<=median
266,en,recedes slowly rightward,
267,ko,먼 곳에서 퍼졌다가 점차 한 점으로 모이어,
268,en,lingers in place softly,
269,en,"spreads out first, then gathers back",
270,en,diffuses as if encircling,
271,ko,뒤쪽에서 멀리서 옅게 들려,
272,ko,오른편에서 서서히 멀어져,
273,en,circles softly overhead,
274,ko,뒤쪽에서 서서히 다가와,
275,en,becomes clear close in front,
276,ko,후방에서 천천히 다가와,
277,ko,좌측 뒤에서 낮게 울려,
278,en,expands broadly from above,
279,en,passes swiftly from the back-right,
280,en,circles softly up high,
281,en,bounces up and down lightly,
282,en,spreads broadly from above,
283,en,disperses as if surrounding,
284,ko,두꺼운 벽 뒤에서 답답하게 들려,el_start sign!=down
285,en,circles softly above,
286,en,leaks blocked from behind a door,
287,ko,두꺼운 벽 뒤에서 먹먹하게 들려,el_start sign!=down
288,ko,정면 가까이에서 확실해져,
289,en,from stage right spreading outward,wide but spread<=median
290,ko,좌우로 흔들리로 좌우를 오가,
291,en,"expands out first, then gathers back",
292,en,widens as if wrapping around,
293,ko,넓게 퍼졌다가 천천히 좁아지져,narrow but spread>=median
294,ko,정면 가까이에서 또렷해져,
295,ko,앞으로에서 멀어지며 희미해져,
296,ko,좌측 앞에서 은은하게 번져,
297,ko,왼쪽에서 서서히 가까워져,
298,en,sweeps swiftly from the back-right,
299,ko,하우스 왼쪽에서 감싸듯 넓어져,
300,en,approaches slowly from the back,
301,ko,창문창 너머에서 차갑게 울려,
302,ko,정면 가까이에서 또렷해져,near but dist>=median
303,ko,먼 곳에서 퍼졌다가 서서히 모여들어,
304,ko,오른쪽 뒤에서 휙 스쳐가,
305,en,helical upward from below,
306,ko,앞으로에서 멀어지며 희미해져,
307,en,rises slowly low and rising,
308,ko,좌우로 흔들리며 오고 가,
309,en,widens as if wrapping around,
310,en,recedes gently to the right,
311,en,glides dry near the floor,
312,en,gathers gradually into a single point,
313,ko,좌우로 흔들리로 좌우를 오가,
314,ko,정면 가까이에서 뚜렷해져,
315,en,"spreads out first, then gathers back",
316,ko,위에서 아래로 스파이럴으로 내려와,
317,ko,광범위하게 퍼졌다가 천천히 좁혀져,
318,ko,아래에서 위로 스파이럴으로 올라가,
319,en,approaches slowly from the left,
320,ko,원형으로 위쪽를 한 바퀴 돌아,
321,en,drifts farther ahead and dims,
322,en,helical downward from above,
323,ko,문 뒤에서 답답하게 새어나와,
324,en,diffuses as if wrapping around,
325,en,sweeps forward from behind,
326,ko,우측 앞에서 점차 선명해져,
327,ko,왼쪽에서 오른쪽으로 가로질러,
328,ko,위에서 아래로 곧게 내려와,
329,ko,먼 곳에서 퍼졌다가 점차 수렴하어,el_start sign!=down
330,ko,두꺼운 벽 뒤에서 막힌하게 들려,el_start sign!=down
331,en,expands wide then tightens down,el_start sign!=down; wide but spread<=median
332,en,sweeps forward from behind,
333,ko,주위를 감싸듯 광범위하게 퍼져,
334,ko,오른편에서 서서히 멀어져,
335,en,passes dry down low,
336,en,falls straight down from above,
337,ko,앞쪽에서 멀어지며 희미해져,
338,ko,한 바퀴 돌으로 머리 위를 한 바퀴 돌아,
339,en,leaks muffled from past a door,
340,en,leaks muffled from past a door,
341,en,gets clearer close in front,
342,ko,뒤로에서 천천히 다가와,
343,ko,왼쪽에서 오른쪽으로 가로질러,
344,ko,지그재그로 좌우를 오가,
345,en,expands wide then tightens down,el_start sign!=down; wide but spread<=median
346,en,hovers in place softly,el_start sign!=up
347,en,gets clearer close in front,
348,ko,원을 그리으로 머리 위를 한 바퀴 돌아,
349,en,"broadens out first, then gathers back",
350,en,goes around all around overhead,
351,ko,뒤쪽에서 느리게 다가와,
352,ko,윗쪽에서 부드럽게 맴돌아,
353,en,approaches gently from the back,
354,ko,둥글게 돌으로 머리 위를 한 바퀴 돌아,
355,ko,한 바퀴 돌으로 머리 위를 한 바퀴 돌아,
356,en,leaks occluded from behind a door,
357,en,moves in a weaves left and right,
358,ko,천장 쪽에서 광범위하게 퍼져,
359,ko,위에서 아래로 곧게 떨어져,
360,en,"backward, faint and distant",
361,en,approaches gradually from the back,
362,en,expands wide then contracts down,el_start sign!=down; wide but spread<=median
363,en,from house left widening around,
364,en,approaches slowly backward,
365,ko,커튼 뒤에서 둔탁하게 번져,el_start sign!=down
366,ko,사방에서 둘러싸듯 퍼져,
367,en,circles softly overhead,
368,ko,오른쪽 뒤에서 급히 스쳐가,
369,ko,두꺼운 천 뒤에서 둔탁하게 번져,el_start sign!=down
370,ko,뒤쪽에서 서서히 다가와,
371,ko,커튼 뒤에서 둔탁하게 확장되,el_start sign!=down
372,en,circles softly overhead,
373,en,from stage left moving to center gradually,
374,ko,스테레오로 아주 광범위하게 퍼져,
375,ko,왼쪽에서 서서히 가까워져,near but dist>=median
376,en,corkscrews downward from above,
377,ko,센터에서 모노로 뚜렷하게,
378,ko,스테레오로 아주 크게 퍼져,
379,ko,스윙하로 좌우를 오가,
380,en,approaches slowly from the back,
381,en,moves in a in a zigzag left and right,
382,en,"from the back, faint and distant",
383,ko,먼 곳에서 퍼졌다가 차츰 모여들어,
384,en,"from the back, faint and distant",
385,ko,왼쪽 앞에서 은은하게 번져,el_start sign!=down
386,ko,그 자리에 자리 지켜며 은은하게 지속돼,el_start sign!=down
387,ko,하우스 왼편에서 둘러싸듯 넓어져,el_start sign!=down; wide but spread<=median
388,ko,왼편 뒤에서 낮게 울려,
389,ko,먼 곳에서 퍼졌다가 점차 집중되어,
390,ko,원형으로 위쪽를 한 바퀴 돌아,
391,en,orbits all around above,
392,en,approaches slowly off to the left,
393,en,stereo image widens very wide,
394,ko,하우스 왼쪽에서 주위를 채우듯 넓어져,
395,ko,왼쪽에서 오른쪽으로 가로질러,
396,ko,넓게 퍼졌다가 서서히 좁혀져,wide but spread<=median
397,ko,천천히 집중되어 한 점으로,
398,en,rises slowly from below,
399,en,stereo image broadens very wide,
400,en,expands wide then contracts down,el_start sign!=down; wide but spread<=median
401,en,narrows down gradually into a single point,el_start sign!=down
402,ko,그 자리에 정지하며 은은하게 지속돼,
403,en,recedes gently to the right,
404,ko,위쪽에서 부드럽게 맴돌아,
405,ko,유리창창 너머에서 차갑게 울려,
406,ko,위에서 아래로 나선형으로 내려와,
407,en,from house left widening around,wide but spread<=median
408,en,revolves all around overhead,
409,en,low rumble from the back-left,
410,en,recedes slowly to the right,
411,ko,아래쪽 근처에서 건조하게 지나가,
412,en,rises gradually from below,
413,en,stereo image spreads very wide,
414,en,approaches slowly from behind,
415,ko,커튼 뒤에서 둔탁하게 확장되,el_start sign!=down
416,en,softly spreading from the front-left,
417,en,sharpens close in front,near but dist>=median
418,en,helical upward from below,
419,en,leaks occluded from behind a door,
420,en,damped behind a thick wall,
421,en,approaches slowly from the left,
422,en,leaks muffled from behind a door,
423,ko,뒤쪽에서 멀리서 옅게 들려,
424,ko,무대 좌측에서 중앙으로 천천히 이동해,
425,ko,서서히 모여들어 한 점으로,
426,en,becomes clear close forward,
427,ko,유리창 너머에서 차갑게 울려,
428,ko,뒤에서 앞을 휙 지나가,
429,ko,아래에서 위로 스파이럴으로 올라가,
430,en,from stage left moving to center gently,
431,en,descends straight down from above,
432,ko,아래에서 위로 회오리처럼으로 올라가,
433,en,drifts farther ahead and weakens,
434,ko,커튼 뒤에서 둔탁하게 확장되,
435,ko,정면 가까이에서 뚜렷해져,near but dist>=median
436,en,goes around all around overhead,
437,ko,먼 곳에서 퍼졌다가 점차 한 점으로 모이어,
438,en,from stage left moving to center slowly,
439,en,sweeps forward from behind,
440,en,moves in a weaves left and right,
441,ko,왼쪽 앞에서 우측 뒤로 호를 그리며 지나가,
442,ko,앞쪽 가까이에서 또렷해져,
443,ko,스테레오로 아주 와이드하게 퍼져,el_start sign!=down
444,en,lingers in place softly,
445,en,growing distinct at the front-right,
446,ko,하우스 왼쪽에서 주위를 채우듯 넓어져,wide but spread<=median
447,en,rises gently from below,
448,ko,둥글게 돌으로 머리 위를 한 바퀴 돌아,
449,ko,오른쪽 뒤에서 빠르게 순간적으로가,
450,en,passes dry at floor level,
451,ko,왼편에서 서서히 가까워져,near but dist>=median
452,ko,왼쪽 뒤에서 낮게 울려,
453,en,"from the back, faint and distant",
454,en,sweeps swiftly from the back-right,
455,en,sweeps swiftly from the back-right,
456,en,scatters as if surrounding,
457,ko,오른쪽 뒤에서 빠르게 휙가,
458,en,rises gradually from below,
459,en,low rumble backward-left,
460,ko,정면에서 멀어지며 어렴풋해져,
461,ko,오른편 뒤에서 빠르게 스쳐가,
462,ko,뒤에서 앞을 스치듯 지나가,
463,ko,센터에서 모노로 뚜렷하게,
464,en,spirals upward from below,
465,ko,아래쪽 근처에서 건조하게 지나가,
466,en,rises slowly rising up,el_start sign!=up
467,en,growing distinct at the front-right,
468,en,recedes slowly rightward,
469,ko,그 자리에 고정되며 은은하게 지속돼,el_start sign!=down
470,ko,좌측에서 서서히 가까워져,near but dist>=median
471,en,expands wide then tightens down,el_start sign!=down; wide but spread<=median
472,en,glides swiftly from the back-right,
473,en,approaches slowly from the back,
474,ko,주위를 감싸듯 와이드하게 퍼져,
475,en,glassy and distant past a window,
476,ko,와이드하게 퍼졌다가 천천히 좁혀져,wide but spread<=median
477,en,"spreads out first, then gathers back",
478,en,drifts farther ahead and fades,
479,ko,와이드하게 퍼졌다가 천천히 좁혀져,el_start sign!=down; wide but spread<=median
480,en,corkscrews upward from below,
481,ko,우측 뒤에서 빠르게 스쳐가,
482,ko,왼쪽 앞에서 은은하게 퍼져,el_start sign!=down
483,ko,위 천장 쪽에서 넓게 퍼져,
484,ko,정면에서 멀어지며 옅해져,
485,en,becomes clear close forward,
486,ko,지그재그로로 좌우를 오가,
487,ko,천정 쪽에서 넓게 퍼져,
488,en,recedes slowly rightward,
489,en,"broadens out first, then gathers back",
490,en,circles all around overhead,
491,en,corkscrews upward from below,
492,en,"broadens out first, then gathers back",
493,en,orbits all around up high,
494,en,rises slowly rising up,el_start sign!=up
495,ko,그 자리에 자리 지켜며 은은하게 지속돼,el_start sign!=down
496,ko,문 너머에서 답답하게 새어나와,el_start sign!=down
497,ko,아래에서 위로 회오리처럼으로 올라가,
498,en,smears behind a curtain,
499,ko,무대 왼쪽에서 중앙으로 느리게 이동해,
500,ko,오른쪽 뒤에서 빠르게 휙가,
501,ko,넓게 퍼졌다가 천천히 좁아지져,narrow but spread>=median
502,en,moves in a zigzag left and right,
503,en,broadens broadly from above,
504,ko,바닥쪽 근처에서 건조하게 지나가,
505,en,spirals upward low and rising,
506,ko,정면에서 멀어지며 어렴풋해져,
507,ko,그 자리에 정지하며 은은하게 지속돼,
508,en,leaks damped from behind a door,
509,ko,앞쪽 가까이에서 또렷해져,
510,en,orbits all around up high,
511,en,moves in a zigzag left and right,
512,ko,오른쪽 뒤에서 빠르게 스치듯가,
513,en,focuses gradually into a single point,
514,ko,천천히 한 점으로 모이어 한 점으로,
515,ko,원형으로 위쪽를 한 바퀴 돌아,
516,ko,앞쪽에서 멀어지며 희미해져,
517,en,holds still in place softly,
518,en,drifts farther ahead and dims,
519,ko,왼편에서 서서히 가까워져,near but dist>=median
520,ko,주위를 감싸듯 광범위하게 퍼져,
521,ko,먼 곳에서 퍼졌다가 차츰 모여들어,
522,ko,천천히 모여들어 한 점으로,
523,ko,왼편 앞에서 은은하게 번져,el_start sign!=down
524,ko,우측에서 서서히 멀어져,far but dist<=median
525,ko,스테레오로 아주 와이드하게 퍼져,el_start sign!=down
526,ko,센터에서 모노로 또렷하게,el_start sign!=down
527,ko,두꺼운 천 뒤에서 둔탁하게 번져,el_start sign!=down
528,ko,스테레오로 아주 크게 퍼져,
529,ko,앞으로 가까이에서 또렷해져,
530,en,drifts farther ahead and dims,
531,ko,느리게 모여들어 한 점으로,
532,ko,아래쪽에서 위로 서서히 올라와,
533,en,passes swiftly backward-right,
534,ko,무대 오른편에서 바깥으로 퍼져,
535,en,drops straight down from above,
536,ko,스테레오로 아주 크게 퍼져,
537,ko,왼편 앞에서 은은하게 번져,el_start sign!=down
538,en,circles widely and comes closer,
539,ko,지그재그로로 좌우를 오가,
540,ko,먼 곳에서 퍼졌다가 조금씩 모여들어,
541,en,stereo image spreads very wide,
542,en,low rumble from the back-left,
543,ko,뒤에서 앞을 스쳐 지나가,
544,ko,유리창 너머에서 차갑게 울려,
545,ko,오른쪽 뒤에서 재빨리 스쳐가,
546,en,leaks occluded from behind a door,
547,ko,두꺼운 벽 뒤에서 먹먹하게 들려,
548,ko,먼 곳에서 퍼졌다가 점차 모여들어,
549,en,rises gently from below,
550,ko,하우스 왼쪽에서 둘러싸듯 넓어져,el_start sign!=down
551,en,broadens broadly from above,
552,ko,오른쪽 뒤에서 재빨리 스쳐가,
553,en,orbits all around up high,
554,ko,우측에서 서서히 멀어져,
555,en,rises slowly rising up,
556,en,widens as if wrapping around,
557,en,diffuses as if encircling,
558,ko,뒤에서 앞을 순간적으로 지나가,
559,en,approaches gently from the left,
560,en,converges gradually into a single point,
561,ko,후방에서 천천히 다가와,
562,en,hovers in place softly,el_start sign!=up
563,ko,유리창 너머에서 차갑게 울려,
564,ko,그 자리에 자리 지켜며 은은하게 지속돼,el_start sign!=down
565,ko,천정 쪽에서 넓게 퍼져,
566,ko,발치 근처에서 건조하게 지나가,
567,en,diffuses as if wrapping around,
568,ko,바닥 근처에서 건조하게 지나가,
569,ko,크게 퍼졌다가 천천히 좁혀져,
570,en,drifts farther ahead and ebbs,
571,ko,무대 오른쪽에서 바깥으로 퍼져,
572,en,drifts farther ahead and ebbs,
573,ko,주위를 감싸듯 크게 퍼져,el_start sign!=up
574,ko,먼 곳에서 퍼졌다가 점차 한 점으로 모이어,
575,en,stereo image spreads very wide,
576,en,low rumble backward-left,
577,en,approaches slowly leftward,
578,en,low rumble from the back-left,
579,en,rises gradually from below,
580,en,passes swiftly from behind-right,
581,en,helical upward from below,
582,en,moves in a weaves left and right,
583,ko,왼편에서 오른쪽으로 가로질러,
584,en,diffuses as if around,
585,ko,두꺼운 벽 뒤에서 답답하게 들려,
586,en,from stage left moving to center gradually,
587,ko,사방에서 감싸듯 번져,
588,ko,그 자리에 정지하며 은은하게 지속돼,el_start sign!=down
589,ko,넓게 퍼졌다가 서서히 좁혀져,wide but spread<=median
590,en,recedes gradually to the right,
591,ko,왼쪽 앞에서 은은하게 확장되,el_start sign!=down
592,ko,천천히 모여들어 한 점으로,
593,ko,무대 왼쪽에서 중앙으로 느리게 이동해,
594,ko,커튼 뒤에서 둔탁하게 번져,el_start sign!=down
595,ko,우측 앞에서 점차 선명해져,
596,en,gathers gradually into a single point,
597,en,stereo image widens very wide,
598,en,recedes gently to the right,
599,en,stereo image widens very wide,
600,ko,창문창 너머에서 차갑게 울려,
601,en,recedes gradually to the right,
602,en,widens as if wrapping around,
603,en,stereo image expands very wide,
604,ko,왼쪽 앞에서 은은하게 퍼져,el_start sign!=down
605,ko,문 건너편에서 답답하게 새어나와,el_start sign!=down
606,en,becomes clear close forward,
607,ko,먼 곳에서 퍼졌다가 점차 한 점으로 모이어,
608,en,orbits all around overhead,
609,en,moves in a zig-zag left and right,
610,ko,왼쪽 앞에서 우측 뒤로 호를 그리며 지나가,
611,en,glides swiftly from the back-right,
612,en,widens broadly from above,
613,ko,사방에서 감싸듯 번져,
614,ko,하우스 왼쪽에서 감싸듯 넓어져,el_start sign!=down; wide but spread<=median
615,ko,창문창 너머에서 차갑게 울려,
616,en,falls straight down from above,
617,en,low rumble from behind-left,
618,en,passes swiftly backward-right,
619,en,rises gradually from below,
620,ko,두꺼운 벽 뒤에서 막힌하게 들려,el_start sign!=down
621,en,from stage right spreading outward,wide but spread<=median
622,en,smears behind a curtain,
623,ko,먼 곳에서 퍼졌다가 점차 모여들어,
624,en,slides swiftly from the back-right,
625,ko,왼편 앞에서 오른쪽 뒤로 호를 그리며 지나가,
626,ko,오른쪽 앞에서 조금씩 선명해져,
627,en,sways side to side as it moves,
628,ko,뒤에서 앞을 스쳐 지나가,
629,en,expands broadly from above,
630,ko,오른쪽 앞에서 차츰 선명해져,
631,en,drops straight down from above,
632,en,widens broadly from above,
633,ko,뒤로에서 천천히 다가와,
634,ko,커튼 뒤에서 둔탁하게 퍼져,el_start sign!=down
635,en,circles all around overhead,
636,en,approaches slowly off to the left,
637,en,glassy and distant through glass,
638,en,spreads broadly from above,
639,en,becomes clear close in front,
640,en,rises slowly low and rising,
641,en,moves in a zigzag left and right,
642,en,softly spreading from the front-left,wide but spread<=median
643,ko,먼 곳에서 퍼졌다가 점차 모여들어,
644,ko,위에서 아래로 곧게 낙하,
645,ko,천 뒤 뒤에서 둔탁하게 번져,el_start sign!=down
646,ko,위에서 아래로 곧게 아래로 내려가,
647,en,slides swiftly from the back-right,
648,en,moves in a zig-zag left and right,
649,en,gathers gradually into a single point,
650,ko,천천히 모여들어 한 점으로,
651,ko,좌측 앞에서 은은하게 번져,el_start sign!=down
652,en,"widens out first, then gathers back",
653,en,goes around all around overhead,
654,en,spirals upward from below,
655,ko,원을 그리으로 머리 위를 한 바퀴 돌아,
656,ko,정면 가까이에서 또렷해져,
657,en,falls straight down from above,
658,en,leaks muffled from through a door,
659,en,circles all around overhead,
660,en,sweeps dry near the floor,
661,ko,정면 가까이에서 선명해져,
662,en,"from behind, faint and distant",
663,en,cuts across left to right,
664,en,drops straight down from above,
665,ko,왼쪽 앞에서 은은하게 번져,el_start sign!=down
666,en,leaks blocked from behind a door,
667,ko,원형으로 머리 위를 한 바퀴 돌아,
668,ko,위 천장 쪽에서 넓게 퍼져,wide but spread<=median
669,en,remains in place softly,
670,ko,두꺼운 벽 뒤에서 먹먹하게 들려,el_start sign!=down
671,ko,사방에서 주위를 채우듯 번져,az_start sign!=right; el_start sign!=up
672,en,passes dry down low,
673,ko,넓게 퍼졌다가 느리게 좁혀져,wide but spread<=median
674,en,slides dry near the floor,
675,ko,오른쪽 앞에서 조금씩 선명해져,
676,ko,원형으로 윗쪽를 한 바퀴 돌아,
677,en,orbits all around up high,
678,en,"widens out first, then gathers back",
679,en,moves in a weaves left and right,
680,ko,위아래로 튀듯이 움직여,
681,en,drifts farther ahead and dims,
682,ko,창문창 너머에서 차갑게 울려,
683,en,smears through a curtain,
684,ko,넓게 퍼졌다가 느리게 좁혀져,wide but spread<=median
685,en,spreads broadly from above,
686,en,diffuses as if encircling,
687,ko,정면에서 멀어지며 약하해져,el_start sign!=down
688,ko,아래에서 위로 나선형으로 올라가,
689,en,"from behind, faint and distant",
690,en,disperses as if surrounding,
691,ko,정면 가까이에서 확실해져,
692,ko,좌측에서 서서히 가까워져,near but dist>=median
693,en,widens broadly from above,
694,ko,좌측 앞에서 오른쪽 뒤로 호를 그리며 지나가,
695,en,remains in place softly,
696,en,expands broadly from above,
697,en,goes around all around overhead,
698,ko,왼쪽에서 우측으로 가로질러,
699,ko,왼쪽에서 오른편으로 가로질러,
700,en,passes swiftly from the back-right,
701,ko,왼쪽 앞에서 오른쪽 뒤로 호를 그리며 지나가,
702,en,stays in place softly,
703,en,sways side to side as it moves,
704,ko,왼쪽 앞에서 우측 뒤로 호를 그리며 지나가,
705,en,spirals upward rising up,
706,ko,문 건너편에서 답답하게 새어나와,el_start sign!=down
707,ko,무대 왼편에서 중앙으로 천천히 이동해,
708,ko,뒤에서 앞을 스치듯 지나가,
709,ko,윗쪽에서 부드럽게 맴돌아,
710,en,broadens broadly from above,
711,ko,넓게 퍼졌다가 천천히 모아지져,
712,ko,스테레오로 아주 와이드하게 퍼져,el_start sign!=down
713,en,spirals upward low and rising,
714,ko,무대 좌측에서 중앙으로 천천히 이동해,
715,ko,오른쪽 앞에서 점차 선명해져,
716,ko,좌측 앞에서 오른쪽 뒤로 호를 그리며 지나가,
717,en,approaches slowly backward,
718,ko,왼쪽에서 오른쪽으로 가로질러,
719,en,approaches slowly from the back,
720,ko,앞으로에서 멀어지며 희미해져,
721,en,spirals upward rising up,
722,ko,정면에서 멀어지며 약하해져,el_start sign!=down
723,ko,위에서 아래로 곧게 내려와,
724,en,slides swiftly from the back-right,
725,ko,지그재그로 좌우를 오가,
726,ko,좌측에서 오른쪽으로 가로질러,
727,ko,오른쪽에서 서서히 멀어져,
728,ko,왼쪽 앞에서 오른편 뒤로 호를 그리며 지나가,
729,ko,오른쪽 앞에서 서서히 선명해져,
730,en,diffuses as if around,
731,ko,왼쪽 뒤에서 낮게 울려,
732,en,centered mono and distinct,
733,ko,주위를 감싸듯 와이드하게 퍼져,
734,ko,좌우로 흔들리로 좌우를 오가,
735,en,diffuses as if surrounding,
736,ko,좌측에서 오른쪽으로 가로질러,
737,ko,문 뒤에서 답답하게 새어나와,el_start sign!=down
738,ko,그 자리에 머무르며 은은하게 지속돼,el_start sign!=down
739,ko,정면에서 멀어지며 약하해져,el_start sign!=down
740,ko,정면에서 멀어지며 희미해져,
741,en,from stage left moving to center slowly,
742,en,expands wide then narrows down,el_start sign!=down; wide but spread<=median
743,ko,무대 좌측에서 중앙으로 천천히 이동해,
744,ko,넓게 퍼졌다가 천천히 좁혀져,wide but spread<=median
745,en,becomes clear close ahead,
746,en,from stage left moving to center gently,
747,en,converges gradually into a single point,
748,ko,지그재그로로 좌우를 오가,
749,ko,하우스 좌측에서 둘러싸듯 넓어져,
750,ko,주위를 크게 한 바퀴 돌며 가까워져,near but dist>=median
751,ko,위 천장 쪽에서 넓게 퍼져,wide but spread<=median
752,en,passes dry near the floor,
753,ko,좌우로 흔들리며 오고 가,
754,ko,위에서 아래로 곧게 낙하,
755,ko,뒤쪽에서 멀리서 옅게 들려,
756,en,softly spreading from the front-left,
757,en,helical downward from above,
758,en,glassy and distant through glass,
759,ko,원형으로 머리 바로 위를 한 바퀴 돌아,
760,en,holds still in place softly,
761,ko,스테레오로 아주 넓게 퍼져,
762,en,drifts farther ahead and ebbs,far but dist<=median
763,ko,뒤쪽에서 느리게 다가와,
764,ko,한 바퀴 돌으로 머리 위를 한 바퀴 돌아,
765,ko,원형으로 머리 위를 한 바퀴 돌아,
766,ko,윗쪽에서 부드럽게 맴돌아,
767,ko,왼쪽 앞에서 은은하게 퍼지듯,el_start sign!=down; wide but spread<=median
768,en,circles softly above,
769,ko,먼 곳에서 퍼졌다가 점차 수렴하어,el_start sign!=down
770,en,swirls all around overhead,
771,en,"from behind, faint and distant",
772,en,"expands out first, then gathers back",
773,ko,주위를 감싸듯 크게 퍼져,el_start sign!=up
774,ko,먼 곳에서 퍼졌다가 서서히 모여들어,
775,en,descends straight down from above,
776,en,leaks blocked from behind a door,
777,ko,왼쪽 앞에서 오른쪽 뒤로 호를 그리며 지나가,
778,ko,천장 쪽에서 광범위하게 퍼져,
779,en,corkscrews downward from above,
780,ko,무대 왼쪽에서 중앙으로 서서히 이동해,
781,en,softly spreading from the front-left,wide but spread<=median
782,en,recedes gradually to the right,
783,ko,스테레오로 아주 넓게 퍼져,
784,ko,좌측 앞에서 은은하게 번져,
785,ko,스윙하로 좌우를 오가,el_start sign!=down
786,en,helical downward from above,
787,ko,오른편에서 서서히 멀어져,
788,ko,넓게 퍼졌다가 느리게 좁혀져,wide but spread<=median
789,ko,뒤쪽에서 느리게 다가와,
790,ko,우측 뒤에서 빠르게 스쳐가,
791,ko,원형으로 윗쪽를 한 바퀴 돌아,
792,ko,위에서 아래로 곧게 떨어져,
793,en,circles softly above,
794,ko,아래쪽에서 위로 서서히 올라와,
795,ko,천장 쪽에서 넓게 퍼져,
796,ko,바닥 근처에서 건조하게 지나가,
797,en,spreads broadly from above,
798,en,glassy and distant past a window,
799,en,expands wide then tightens down,el_start sign!=down; wide but spread<=median
800,en,"broadens out first, then gathers back",
801,ko,주위를 감싸듯 와이드하게 퍼져,
802,en,moves in a zigzag left and right,
803,en,slides dry near the floor,
804,ko,오른쪽 뒤에서 재빨리 스쳐가,
805,en,glassy and distant through glass,
806,ko,왼쪽에서 서서히 가까워져,
807,en,corkscrews upward from below,
808,ko,하우스 왼쪽에서 주위를 채우듯 넓어져,
809,ko,사방에서 둘러싸듯 번져,
810,ko,위에서 아래로 회오리처럼으로 내려와,
811,ko,후방에서 멀리서 옅게 들려,
812,ko,서서히 모여들어 한 점으로,
813,en,from stage right spreading outward,wide but spread<=median
814,ko,센터에서 모노로 또렷하게,el_start sign!=down
815,en,stereo image broadens very wide,
816,en,from stage left moving to center gently,
817,ko,사방에서 둘러싸듯 번져,
818,en,cuts across left to right,
819,en,descends straight down from above,
820,ko,오른쪽 앞에서 차츰 선명해져,
821,ko,뒤쪽에서 천천히 다가와,
822,en,expands wide then narrows down,wide but spread<=median
823,en,leaks muffled from through a door,
824,en,rises gradually from below,
825,en,converges gradually into a single point,
826,en,diffuses as if around,
827,en,leaks muffled from behind a door,
828,ko,아래에서 위로 스파이럴으로 올라가,
829,ko,커튼 뒤에서 둔탁하게 퍼지듯,el_start sign!=down; wide but spread<=median
830,ko,넓게 퍼졌다가 느리게 좁혀져,wide but spread<=median
831,en,approaches gently from the back,
832,ko,둥글게 돌으로 머리 위를 한 바퀴 돌아,
833,ko,사방에서 둘러싸듯 확장되,
834,en,widens as if wrapping around,
835,ko,우측 앞에서 점차 선명해져,
836,ko,위쪽에서 부드럽게 맴돌아,
837,ko,왼편에서 오른쪽으로 가로질러,
838,en,low rumble from behind-left,
839,en,spirals upward from below,
840,ko,사방에서 감싸듯 번져,
841,en,approaches slowly from the left,
842,ko,아래에서 위로 나선형으로 올라가,
843,en,bounces up and down lightly,
844,ko,뒤에서 앞을 스쳐 지나가,
845,en,from house left widening around,
846,ko,오른쪽에서 서서히 멀어져,far but dist<=median
847,en,approaches gently from the left,
848,ko,정면에서 멀어지며 희미해져,
849,en,approaches slowly from the back,
850,ko,문 너머에서 답답하게 새어나와,el_start sign!=down
851,ko,먼 곳에서 퍼졌다가 조금씩 모여들어,
852,en,arcs from front-left to back-right,
853,en,from stage left moving to center slowly,
854,ko,왼쪽에서 우측으로 가로질러,
855,ko,위아래로 튀듯이 움직여,
856,ko,무대 오른편에서 바깥으로 퍼져,
857,en,recedes slowly to the right,
858,ko,먼 곳에서 퍼졌다가 점차 수렴하어,el_start sign!=down
859,en,leaks blocked from behind a door,
860,ko,우측 뒤에서 빠르게 스쳐가,
861,en,sways side to side as it moves,
862,en,scatters as if surrounding,
863,ko,원을 그리으로 머리 위를 한 바퀴 돌아,
864,ko,사방에서 둘러싸듯 확장되,
865,en,passes dry near the floor,
866,ko,무대 왼편에서 중앙으로 천천히 이동해,
867,en,approaches gradually from the back,
868,ko,천장 쪽에서 크게 퍼져,
869,ko,왼쪽에서 우측으로 가로질러,
870,ko,넓게 퍼졌다가 천천히 수축되져,wide but spread<=median
871,en,corkscrews downward from above,
872,en,stays in place softly,
873,en,rises slowly low and rising,
874,ko,위쪽에서 부드럽게 맴돌아,
875,ko,느리게 모여들어 한 점으로,
876,en,broadens broadly from above,
877,ko,정면에서 멀어지며 옅해져,
878,en,expands broadly from above,
879,en,diffuses as if surrounding,
880,ko,두꺼운 벽 뒤에서 답답하게 들려,el_start sign!=down
881,ko,오른쪽 뒤에서 휙 스쳐가,
882,ko,정면 가까이에서 선명해져,
883,ko,뒤쪽에서 서서히 다가와,
884,ko,먼 곳에서 퍼졌다가 서서히 모여들어,
885,en,diffuses as if all around,
886,ko,오른쪽 앞에서 점차 선명해져,
887,ko,크게 퍼졌다가 천천히 좁혀져,
888,en,moves in a weaves left and right,
889,en,slides dry near the floor,
890,ko,좌측 앞에서 은은하게 번져,el_start sign!=down
891,en,stereo image spreads very wide,
892,en,holds still in place softly,
893,en,orbits all around above,
894,ko,무대 왼편에서 중앙으로 천천히 이동해,
895,ko,문 너머에서 답답하게 새어나와,
896,ko,위에서 아래로 곧게 아래로 내려가,
897,en,recedes slowly rightward,
898,ko,위쪽에서 부드럽게 맴돌아,
899,en,sweeps forward from behind,
900,ko,사방에서 주위를 채우듯 번져,az_start sign!=right
901,en,expands wide then contracts down,el_start sign!=down; wide but spread<=median
902,ko,오른편 앞에서 점차 선명해져,
903,ko,왼쪽 앞에서 은은하게 확장되,el_start sign!=down
904,en,expands broadly from above,
905,en,rises gently from below,
906,en,circles widely and comes closer,
907,en,stays in place softly,
908,ko,뒤에서 앞을 순간적으로 지나가,
909,en,growing distinct at the front-right,
910,en,low rumble backward-left,
911,ko,하우스 왼쪽에서 둘러싸듯 넓어져,el_start sign!=down; wide but spread<=median
912,en,approaches slowly from behind,
913,ko,머리 위에서 부드럽게 맴돌아,
914,en,leaks damped from behind a door,
915,ko,좌측 뒤에서 낮게 울려,
916,en,glides swiftly from the back-right,
917,en,spirals upward low and rising,
918,en,"from behind, faint and distant",
919,ko,위에서 아래로 스파이럴으로 내려와,
920,ko,그 자리에 머무르며 은은하게 지속돼,
921,ko,좌측 앞에서 오른쪽 뒤로 호를 그리며 지나가,
922,ko,천장 쪽에서 크게 퍼져,
923,en,becomes clear close in front,
924,ko,후방에서 천천히 다가와,
925,ko,두꺼운 벽 건너편에서 먹먹하게 들려,el_start sign!=down
926,en,circles softly up high,
927,ko,우측 뒤에서 빠르게 스쳐가,
928,en,stereo image spreads very wide,
929,en,centered mono and distinct,
930,ko,광범위하게 퍼졌다가 천천히 좁혀져,
931,ko,무대 우측에서 바깥으로 퍼져,
932,en,"from the back, faint and distant",
933,ko,좌측에서 서서히 가까워져,near but dist>=median
934,en,slides swiftly from the back-right,
935,ko,사방에서 둘러싸듯 퍼져,
936,ko,천천히 한 점으로 모이어 한 점으로,
937,ko,두꺼운 벽 뒤에서 둔탁하게 들려,
938,en,sharpens close in front,
939,en,drifts farther ahead and fades,
940,ko,한 바퀴 돌으로 머리 위를 한 바퀴 돌아,
941,ko,먼 곳에서 퍼졌다가 차츰 모여들어,
942,ko,천장 쪽에서 넓게 퍼져,
943,ko,센터에서 모노로 뚜렷하게,el_start sign!=down
944,ko,센터에서 모노로 선명하게,el_start sign!=down
945,ko,왼편에서 서서히 가까워져,near but dist>=median
946,ko,넓게 퍼졌다가 천천히 모아지져,
947,ko,정면 가까이에서 확실해져,
948,en,passes swiftly from behind-right,
949,en,low rumble from behind-left,
950,ko,앞쪽에서 멀어지며 희미해져,
951,en,spirals upward from below,
952,ko,바닥 근처에서 건조하게 지나가,
953,en,approaches gradually from the left,
954,en,recedes gently to the right,
955,ko,머리 바로 위에서 부드럽게 맴돌아,el_start sign!=up
956,en,widens broadly from above,
957,ko,커튼 뒤에서 둔탁하게 퍼지듯,el_start sign!=down
958,ko,넓게 퍼졌다가 천천히 좁혀져,wide but spread<=median
959,en,growing distinct at the front-right,
960,ko,그 자리에 머무르며 은은하게 지속돼,el_start sign!=down
961,ko,센터에서 모노로 또렷하게,el_start sign!=down
962,ko,정면 가까이에서 선명해져,
963,ko,오른쪽 뒤에서 빠르게 스치듯가,
964,ko,무대 오른쪽에서 바깥으로 퍼져,
965,en,passes dry down low,
966,ko,위에서 아래로 스파이럴으로 내려와,
967,en,low rumble from behind-left,
968,ko,주위를 감싸듯 넓게 퍼져,el_start sign!=up; wide but spread<=median
969,en,approaches gradually from the left,
970,ko,센터에서 모노로 뚜렷하게,el_start sign!=down
971,ko,먼 곳에서 퍼졌다가 점차 수렴하어,el_start sign!=down
972,en,gets clearer close in front,
973,en,expands wide then narrows down,wide but spread<=median
974,en,smears through a curtain,
975,en,hovers in place softly,el_start sign!=up
976,en,sweeps dry near the floor,
977,en,descends straight down from above,
978,en,"backward, faint and distant",
979,en,becomes clear close ahead,
980,ko,느리게 모여들어 한 점으로,
981,en,sweeps dry near the floor,
982,ko,위아래로 튀듯이 움직여,
983,ko,뒤쪽에서 천천히 다가와,
984,en,stereo image broadens very wide,
985,ko,위에서 아래로 나선형으로 내려와,
986,ko,후방에서 멀리서 옅게 들려,
987,ko,오른쪽 뒤에서 급히 스쳐가,
988,en,gathers gradually into a single point,
989,ko,넓게 퍼졌다가 서서히 좁혀져,wide but spread<=median
990,en,recedes gently to the right,
991,ko,센터에서 모노로 확실하게,el_start sign!=down
992,ko,주위를 감싸듯 광범위하게 퍼져,
993,ko,뒤에서 앞을 휙 지나가,
994,en,disperses as if surrounding,
995,en,falls straight down from above,
996,en,grows distinct close in front,
997,en,moves in a in a zigzag left and right,
998,en,from stage left moving to center slowly,
999,en,corkscrews upward from below,
1000,en,passes dry down low,
1001,en,recedes gradually to the right,
1002,ko,원형으로 위쪽를 한 바퀴 돌아,
1003,ko,아래에서 위로 나선형으로 올라가,
1004,en,scatters as if surrounding,
1005,en,sharpens close in front,
1006,ko,뒤로에서 천천히 다가와,
1007,ko,위아래로 튀듯이 움직여,
1008,en,glassy and distant behind a window,
1009,ko,원형으로 머리 위를 한 바퀴 돌아,
1010,en,centered mono and distinct,
1011,ko,그 자리에 고정되며 은은하게 지속돼,
1012,ko,왼쪽에서 오른편으로 가로질러,
1013,ko,뒤에서 앞을 휙 지나가,
1014,ko,위에서 아래로 곧게 떨어져,
1015,ko,오른쪽 뒤에서 휙 스쳐가,
1016,en,approaches slowly from behind,
1017,en,spirals downward from above,
1018,en,cuts across left to right,
1019,en,leaks muffled from through a door,
1020,ko,넓게 퍼졌다가 천천히 좁혀져,wide but spread<=median
1021,en,drifts farther ahead and weakens,
1022,ko,하우스 왼쪽에서 둘러싸듯 넓어져,el_start sign!=down
1023,en,approaches slowly off to the left,
1024,en,arcs from front-left to back-right,
1025,en,approaches gradually from the back,
1026,ko,두꺼운 벽 뒤에서 먹먹하게 들려,el_start sign!=down
1027,en,grows distinct close in front,
1028,ko,왼편 앞에서 은은하게 번져,
1029,en,stereo image expands very wide,
1030,en,leaks muffled from past a door,
1031,ko,오른편 앞에서 점차 선명해져,
1032,ko,두꺼운 벽 뒤에서 둔탁하게 들려,el_start sign!=down
1033,en,sweeps swiftly from the back-right,
1034,en,approaches slowly from behind,
1035,en,expands wide then contracts down,el_start sign!=down; wide but spread<=median
1036,ko,뒤로에서 멀리서 옅게 들려,
1037,en,glassy and distant past a window,
1038,ko,두꺼운 천 뒤에서 둔탁하게 번져,
1039,en,spirals upward low and rising,
1040,ko,왼편에서 서서히 가까워져,
1041,en,passes swiftly from behind-right,
1042,ko,커튼 뒤에서 둔탁하게 확장되,el_start sign!=down
1043,en,hovers in place softly,el_start sign!=up
1044,ko,좌우로 흔들리며 오고 가,
1045,ko,먼 곳에서 퍼졌다가 점차 집중되어,
1046,en,scatters as if surrounding,
1047,ko,바닥쪽 근처에서 건조하게 지나가,
1048,ko,오른쪽 뒤에서 급히 스쳐가,
1049,ko,좌측 앞에서 오른쪽 뒤로 호를 그리며 지나가,
1050,ko,오른쪽 뒤에서 빠르게 순간적으로가,
1051,ko,무대 우측에서 바깥으로 퍼져,
1052,ko,앞으로에서 멀어지며 희미해져,
1053,en,remains in place softly,
1054,ko,그 자리에 가만히며 은은하게 지속돼,el_start sign!=down
1055,en,lingers in place softly,
1056,ko,주위를 크게 한 바퀴 돌며 가까워져,near but dist>=median
1057,en,orbits all around above,
1058,en,arcs from front-left to back-right,
1059,en,bounces up and down lightly,
1060,ko,그 자리에 정지하며 은은하게 지속돼,el_start sign!=down
1061,ko,왼쪽 뒤에서 낮게 울려,
1062,en,smears through a curtain,
1063,ko,왼쪽에서 우측으로 가로질러,
1064,en,arcs from front-left to back-right,
1065,en,lingers in place softly,
1066,ko,천장 쪽에서 크게 퍼져,
1067,en,gets clearer close in front,
1068,ko,앞쪽 가까이에서 또렷해져,
1069,en,approaches gradually from the left,
1070,ko,왼편에서 오른쪽으로 가로질러,
1071,ko,스테레오로 아주 광범위하게 퍼져,
1072,en,sharpens close in front,
1073,en,diffuses as if around,
1074,ko,커튼 뒤에서 둔탁하게 퍼져,
1075,ko,천 뒤 뒤에서 둔탁하게 번져,el_start sign!=down
1076,en,moves in a in a zigzag left and right,
1077,en,leaks muffled from past a door,
1078,ko,오른쪽 뒤에서 빠르게 스쳐가,
1079,ko,오른쪽 뒤에서 빠르게 휙가,
1080,en,glides swiftly from the back-right,
1081,en,approaches slowly from the left,
1082,ko,왼편 뒤에서 낮게 울려,
1083,ko,사방에서 주위를 채우듯 번져,az_start sign!=right; el_start sign!=up
1084,ko,오른편 뒤에서 빠르게 스쳐가,
1085,ko,주위를 감싸듯 넓게 퍼져,el_start sign!=up; wide but spread<=median
1086,ko,무대 왼쪽에서 중앙으로 느리게 이동해,
1087,en,gathers gradually into a single point,
1088,en,stereo image widens very wide,
1089,ko,먼 곳에서 퍼졌다가 조금씩 모여들어,
1090,en,expands wide then tightens down,el_start sign!=down; wide but spread<=median
1091,en,disperses as if surrounding,
1092,ko,사방에서 둘러싸듯 번져,
1093,ko,위 천장 쪽에서 넓게 퍼져,wide but spread<=median
1094,ko,오른쪽 앞에서 서서히 선명해져,
1095,ko,오른쪽에서 서서히 멀어져,
1096,en,revolves all around overhead,
1097,en,rises slowly rising up,el_start sign!=up
1098,ko,사방에서 주위를 채우듯 번져,az_start sign!=right; el_start sign!=up
1099,ko,오른편 앞에서 점차 선명해져,
1100,en,leaks occluded from behind a door,
1101,ko,우측 앞에서 점차 선명해져,
1102,ko,바닥쪽 근처에서 건조하게 지나가,
1103,en,leaks blocked from behind a door,
1104,en,approaches slowly backward,
1105,ko,천장 쪽에서 넓게 퍼져,wide but spread<=median
1106,ko,그 자리에 머무르며 은은하게 지속돼,el_start sign!=down
1107,en,rises slowly low and rising,
1108,ko,천 뒤 뒤에서 둔탁하게 번져,el_start sign!=down
1109,ko,왼쪽 뒤에서 낮게 울려,
1110,en,approaches slowly leftward,
1111,ko,머리 위에서 부드럽게 맴돌아,
1112,ko,두꺼운 두꺼운 벽 뒤에서 먹먹하게 들려,el_start sign!=down
1113,ko,머리 바로 위에서 부드럽게 맴돌아,el_start sign!=up
1114,en,passes swiftly from behind-right,
1115,ko,먼 곳에서 퍼졌다가 점차 모여들어,
1116,en,falls straight down from above,
1117,ko,아래쪽 근처에서 건조하게 지나가,
1118,ko,앞으로 가까이에서 또렷해져,
1119,ko,넓게 퍼졌다가 천천히 수축되져,wide but spread<=median
1120,ko,유리창창 너머에서 차갑게 울려,
1121,ko,스테레오로 아주 넓게 퍼져,
1122,ko,사방에서 감싸듯 번져,
1123,en,circles softly up high,
1124,ko,커튼 뒤에서 둔탁하게 퍼져,el_start sign!=down
1125,ko,좌측 뒤에서 낮게 울려,
1126,en,leaks damped from behind a door,
1127,ko,원형으로 머리 바로 위를 한 바퀴 돌아,
1128,en,leaks muffled from behind a door,
1129,ko,왼쪽에서 서서히 가까워져,near but dist>=median
1130,ko,왼쪽 앞에서 오른쪽 뒤로 호를 그리며 지나가,
1131,en,drifts farther ahead and weakens,
1132,ko,우측에서 서서히 멀어져,
1133,en,softly spreading from the front-left,wide but spread<=median
1134,ko,뒤로에서 멀리서 옅게 들려,
1135,ko,뒤에서 앞을 순간적으로 지나가,
1136,ko,오른쪽 뒤에서 빠르게 순간적으로가,
1137,ko,지그재그로 좌우를 오가,
1138,ko,원형으로 머리 바로 위를 한 바퀴 돌아,
1139,en,goes around all around overhead,
1140,ko,무대 왼쪽에서 중앙으로 천천히 이동해,
1141,ko,뒤쪽에서 느리게 다가와,
1142,ko,유리창창 너머에서 차갑게 울려,
1143,ko,오른쪽 뒤에서 빠르게 스치듯가,
1144,en,rises slowly rising up,el_start sign!=up
1145,en,centered mono and distinct,
1146,ko,뒤로에서 멀리서 옅게 들려,
1147,en,focuses gradually into a single point,
1148,en,sweeps dry near the floor,near but dist>=median
1149,ko,정면에서 멀어지며 희미해져,
1150,ko,천천히 한 점으로 모이어 한 점으로,
1151,ko,무대 우측에서 바깥으로 퍼져,
1152,en,approaches slowly backward,
1153,ko,유리창창 너머에서 차갑게 울려,
1154,ko,주위를 감싸듯 광범위하게 퍼져,
1155,en,moves in a in a zigzag left and right,
1156,ko,넓게 퍼졌다가 천천히 모아지져,
1157,en,becomes clear close in front,
1158,en,centered mono and distinct,
1159,ko,하우스 좌측에서 둘러싸듯 넓어져,el_start sign!=down
1160,ko,좌우로 흔들리며 오고 가,
1161,ko,오른쪽 앞에서 서서히 선명해져,
1162,en,drifts farther ahead and ebbs,
1163,en,moves in a zig-zag left and right,
1164,en,passes dry near the floor,
1165,en,helical downward from above,
1166,en,approaches slowly leftward,
1167,ko,오른쪽에서 서서히 멀어져,far but dist<=median
1168,ko,위에서 아래로 스파이럴으로 내려와,
1169,en,passes dry at floor level,
1170,ko,천천히 집중되어 한 점으로,
1171,en,drifts farther ahead and fades,
1172,en,rises slowly from below,
1173,ko,하우스 왼편에서 둘러싸듯 넓어져,el_start sign!=down
1174,ko,아래에서 위로 스파이럴으로 올라가,
1175,ko,서서히 모여들어 한 점으로,
1176,ko,하우스 왼쪽에서 감싸듯 넓어져,el_start sign!=down
1177,ko,문 너머에서 답답하게 새어나와,el_start sign!=down
1178,en,drifts farther ahead and dims,
1179,en,"expands out first, then gathers back",
1180,ko,무대 왼쪽에서 중앙으로 천천히 이동해,
1181,ko,두꺼운 벽 뒤에서 둔탁하게 들려,el_start sign!=down
1182,en,smears behind a curtain,
1183,ko,윗쪽에서 부드럽게 맴돌아,
1184,en,rises slowly from below,
1185,en,approaches slowly leftward,
1186,en,approaches gently from the back,
1187,ko,하우스 좌측에서 둘러싸듯 넓어져,el_start sign!=down
1188,en,recedes slowly to the right,
1189,ko,무대 우측에서 바깥으로 퍼져,
1190,ko,문 뒤에서 답답하게 새어나와,el_start sign!=down
1191,ko,좌우로 흔들리로 좌우를 오가,
1192,en,approaches gradually from the left,
1193,en,diffuses as if wrapping around,
1194,en,moves in a in a zigzag left and right,
1195,ko,오른쪽 뒤에서 빠르게 스쳐가,
1196,en,leaks muffled from past a door,
1197,ko,왼쪽 앞에서 은은하게 퍼지듯,el_start sign!=down
1198,ko,무대 왼쪽에서 중앙으로 느리게 이동해,
1199,ko,정면에서 멀어지며 약하해져,el_start sign!=down
1200,ko,오른쪽 뒤에서 빠르게 스쳐가,
1201,ko,왼쪽에서 오른편으로 가로질러,
1202,ko,위에서 아래로 곧게 낙하,
1203,en,from stage right spreading outward,
1204,en,revolves all around overhead,
1205,en,expands wide then contracts down,el_start sign!=down; wide but spread<=median
1206,ko,왼편에서 오른쪽으로 가로질러,
1207,en,revolves all around overhead,
1208,en,passes swiftly backward-right,
1209,en,orbits all around above,
1210,ko,센터에서 모노로 선명하게,el_start sign!=down
1211,ko,지그재그로로 좌우를 오가,
1212,ko,위에서 아래로 나선형으로 내려와,
1213,ko,아래쪽에서 위로 서서히 올라와,
1214,ko,발치 근처에서 건조하게 지나가,
1215,ko,스테레오로 아주 크게 퍼져,
1216,ko,오른쪽 앞에서 차츰 선명해져,
1217,ko,두꺼운 벽 뒤에서 둔탁하게 들려,el_start sign!=down
1218,ko,위에서 아래로 회오리처럼으로 내려와,
1219,en,remains in place softly,
1220,en,smears behind a curtain,
1221,en,"spreads out first, then gathers back",
1222,ko,왼쪽 앞에서 은은하게 확장되,el_start sign!=down
1223,ko,천장 쪽에서 와이드하게 퍼져,el_start sign!=down
1224,ko,천장 쪽에서 넓게 퍼져,
1225,ko,뒤에서 앞을 스쳐 지나가,
1226,ko,오른쪽 앞에서 점차 선명해져,
1227,en,from stage left moving to center gently,
1228,en,glides swiftly from the back-right,
1229,en,slides swiftly from the back-right,
1230,en,recedes slowly to the right,
1231,en,recedes gradually to the right,
1232,ko,왼쪽 앞에서 은은하게 퍼져,
1233,ko,사방에서 둘러싸듯 퍼지듯,
1234,ko,먼 곳에서 퍼졌다가 점차 집중되어,
1235,en,widens broadly from above,
1236,en,stereo image expands very wide,
1237,ko,머리 바로 위에서 부드럽게 맴돌아,el_start sign!=up
1238,en,lingers in place softly,
1239,ko,하우스 왼쪽에서 주위를 채우듯 넓어져,wide but spread<=median
1240,ko,천천히 수렴하어 한 점으로,el_start sign!=down
1241,ko,무대 오른쪽에서 바깥으로 퍼져,
1242,en,helical upward from below,
1243,en,passes swiftly from the back-right,
1244,en,focuses gradually into a single point,
1245,en,orbits all around up high,
1246,en,corkscrews downward from above,
1247,en,approaches slowly leftward,
1248,ko,정면 가까이에서 확실해져,
1249,en,circles all around overhead,
1250,en,diffuses as if wrapping around,
1251,en,bounces up and down lightly,
1252,en,drifts farther ahead and fades,
1253,ko,그 자리에 고정되며 은은하게 지속돼,el_start sign!=down
1254,en,bounces up and down lightly,
1255,ko,서서히 모여들어 한 점으로,
1256,en,"spreads out first, then gathers back",
1257,ko,왼편 앞에서 은은하게 번져,el_start sign!=down
1258,en,stays in place softly,
1259,en,becomes clear close forward,
1260,en,stereo image broadens very wide,
1261,en,passes dry near the floor,
1262,ko,왼쪽 앞에서 은은하게 확장되,
1263,ko,두꺼운 천 뒤에서 둔탁하게 번져,el_start sign!=down
1264,ko,오른쪽 뒤에서 빠르게 스치듯가,
1265,ko,왼편 앞에서 오른쪽 뒤로 호를 그리며 지나가,
1266,en,drifts farther ahead and fades,
1267,ko,왼쪽 앞에서 은은하게 퍼져,el_start sign!=down
1268,en,circles softly above,
1269,en,damped behind a thick wall,
1270,en,narrows down gradually into a single point,
1271,ko,정면 가까이에서 또렷해져,
1272,ko,천장 쪽에서 와이드하게 퍼져,el_start sign!=down; wide but spread<=median
1273,en,circles softly up high,
1274,ko,우측에서 서서히 멀어져,
1275,en,glides dry near the floor,
1276,ko,주위를 감싸듯 넓게 퍼져,el_start sign!=up; wide but spread<=median
1277,en,glides dry near the floor,
1278,en,drifts farther ahead and weakens,
1279,en,passes dry at floor level,
1280,en,narrows down gradually into a single point,el_start sign!=down
1281,ko,천장 쪽에서 광범위하게 퍼져,
1282,ko,천정 쪽에서 넓게 퍼져,wide but spread<=median
1283,en,"backward, faint and distant",
1284,ko,머리 바로 위에서 부드럽게 맴돌아,el_start sign!=up
1285,en,spreads broadly from above,wide but spread<=median
1286,ko,머리 위에서 부드럽게 맴돌아,
1287,ko,주위를 크게 한 바퀴 돌며 가까워져,near but dist>=median
1288,en,grows distinct close in front,
1289,en,grows distinct close in front,
1290,ko,뒤로에서 멀리서 옅게 들려,
1291,en,passes swiftly backward-right,
1292,ko,무대 오른편에서 바깥으로 퍼져,
1293,ko,그 자리에 가만히며 은은하게 지속돼,
1294,ko,천천히 수렴하어 한 점으로,el_start sign!=down
1295,en,leaks muffled from through a door,
1296,ko,그 자리에 고정되며 은은하게 지속돼,el_start sign!=down
1297,en,holds still in place softly,
1298,en,leaks muffled from behind a door,
1299,ko,왼쪽 앞에서 오른쪽 뒤로 호를 그리며 지나가,
1300,en,spirals upward from below,
1301,ko,오른편 앞에서 점차 선명해져,
1302,ko,천장 쪽에서 와이드하게 퍼져,el_start sign!=down; wide but spread<=median
1303,en,revolves all around overhead,
1304,en,swirls all around overhead,
1305,ko,아래에서 위로 나선형으로 올라가,
1306,ko,커튼 뒤에서 둔탁하게 번져,el_start sign!=down
1307,ko,천장 쪽에서 와이드하게 퍼져,el_start sign!=down; wide but spread<=median
1308,en,swirls all around overhead,
1309,en,passes dry at floor level,
1310,en,approaches slowly from behind,
1311,en,circles widely and comes closer,
1312,ko,발치 근처에서 건조하게 지나가,
1313,en,drifts farther ahead and ebbs,far but dist<=median
1314,ko,스테레오로 아주 광범위하게 퍼져,
1315,en,grows distinct close in front,
1316,en,diffuses as if surrounding,
1317,en,smears behind a curtain,
1318,ko,주위를 감싸듯 크게 퍼져,el_start sign!=up
1319,en,"backward, faint and distant",
1320,ko,왼쪽 앞에서 우측 뒤로 호를 그리며 지나가,
1321,en,glassy and distant behind a window,
1322,en,leaks muffled from behind a door,
1323,ko,왼편 앞에서 오른쪽 뒤로 호를 그리며 지나가,
1324,en,glassy and distant through glass,
1325,en,glassy and distant behind a window,
1326,ko,두꺼운 벽 뒤에서 답답하게 들려,el_start sign!=down
1327,en,spirals upward rising up,
1328,ko,천 뒤 뒤에서 둔탁하게 번져,el_start sign!=down
1329,en,diffuses as if all around,
1330,ko,뒤쪽에서 천천히 다가와,
1331,en,glides dry near the floor,
1332,en,smears through a curtain,
1333,en,diffuses as if all around,
1334,ko,하우스 왼쪽에서 감싸듯 넓어져,el_start sign!=down
1335,en,orbits all around overhead,
1336,ko,주위를 크게 한 바퀴 돌며 가까워져,near but dist>=median
1337,ko,왼쪽 앞에서 은은하게 퍼지듯,el_start sign!=down; wide but spread<=median
1338,en,orbits all around above,
1339,en,glassy and distant behind a window,
1340,en,glassy and distant past a window,
1341,en,sways side to side as it moves,
1342,ko,좌측 뒤에서 낮게 울려,
1343,en,scatters as if surrounding,
1344,ko,오른편 뒤에서 빠르게 스쳐가,
1345,ko,뒤쪽에서 천천히 다가와,
1346,en,rises slowly low and rising,
1347,en,circles all around overhead,
1348,en,spirals upward rising up,
1349,ko,센터에서 모노로 확실하게,el_start sign!=down
1350,ko,왼쪽 앞에서 오른편 뒤로 호를 그리며 지나가,
1351,ko,하우스 좌측에서 둘러싸듯 넓어져,
1352,ko,하우스 왼쪽에서 둘러싸듯 넓어져,el_start sign!=down; wide but spread<=median
1353,en,passes swiftly backward-right,
1354,ko,주위를 감싸듯 크게 퍼져,el_start sign!=up
1355,ko,광범위하게 퍼졌다가 천천히 좁혀져,
1356,en,"backward, faint and distant",
1357,en,helical upward from below,
1358,en,diffuses as if encircling,
1359,ko,무대 오른쪽에서 바깥으로 퍼져,
1360,en,orbits all around overhead,
1361,en,approaches gently from the left,
1362,en,moves in a zig-zag left and right,
1363,ko,정면 가까이에서 뚜렷해져,
1364,ko,후방에서 멀리서 옅게 들려,
1365,en,spirals downward from above,
